{"min_samples_leaf": 
                            [0.9123530153272295, 0.9127393192397136, 0.9141450746782815, 0.9128061442855863, 0.9118859130693016, 0.9113683080036541, 0.9124301497736298, 0.9139791728899895, 0.9137050643565127, 0.9124510446559286, 0.9140108849840047, 0.9122666944837755, 0.9130974453830427, 0.9134459219039647, 0.9122964448176866, 0.9140345984110457, 0.9141422699063536, 0.9144318540497091, 0.9135860541167148, 0.9134931354052028, 0.9145203573039117, 0.9115200195192994, 0.9135911163365282, 0.9129757576944698, 0.9130131939271824, 0.9128662129095929, 0.9129989710342897, 0.9133200486271233, 0.914454913047764, 0.9116731138066884, 0.9123230753552205, 0.91341852031428, 0.91210199995412, 0.9136045445490483, 0.9136328785838124, 0.9125187281342912, 0.9136931838620198, 0.9125891234814244, 0.9123858240143529, 0.9119619359181217], 
    "bootstrap":            [0.9149867506343806, 0.9158442768709134, 0.914486398263968, 0.9088577247184763, 0.9158677959906513, 0.9143698488788248, 0.9211722570046283, 0.9176023273733435, 0.9154509118080372, 0.9143485130818286, 0.9126415862941684, 0.9141862064998723, 0.9178438379873386, 0.9150159200968637, 0.9171528033664893, 0.9109674700502159, 0.9157412231924642, 0.9183550426528745, 0.9130831348353402, 0.9108343119205449, 0.9158228165957951, 0.9144409874019971, 0.9148793363191781, 0.9205779800814847, 0.9172215951777432, 0.9139924594851901, 0.9116122619794508, 0.9151154586162502, 0.9183082707198655, 0.919361579486697, 0.9140296738095115, 0.9168081432460274, 0.9133996962683829, 0.91735378301041, 0.9136648447946467, 0.9117534356256275, 0.9153152888840411, 0.9066775948610107, 0.9138933021573908, 0.916972969419408], 
    "min_samples_split":    [0.9184962631558562, 0.9106107138222079, 0.9134373190333159, 0.9171266917803422, 0.9148577646967684, 0.9153553970906863, 0.9151626556451775, 0.9140740302229595, 0.9163658086667613, 0.9170083766737094, 0.9167873811455524, 0.9164842395740822, 0.9162927412596448, 0.914630193845978, 0.9166566149240598, 0.9097334798981404, 0.9149343606643029, 0.9108062168737117, 0.9150240636299456, 0.9166181877242916, 0.9183337009506856, 0.9175570763898394, 0.9196244938433086, 0.9139832698193384, 0.915382000798061, 0.9157581910401266, 0.9123372643130754, 0.9161060390881335, 0.9119305056572019, 0.9161005392498748, 0.9183888552335029, 0.9124593319424369, 0.916276531200882, 0.9157239875126109, 0.9131672867747568, 0.9163141633443818, 0.9161620453797843, 0.9174477449577466, 0.915270880790161, 0.9191991464432936], 
    "criterion":            [0.9198012435358782, 0.9151219020689482, 0.9193900468544921, 0.9114787384765553, 0.9096345641122167, 0.9159637600972708, 0.9171584561962248, 0.9142673675318571, 0.9175309387868792, 0.9167333439971366, 0.9215039662050646, 0.915400012621487, 0.91527213178629, 0.9163905134706256, 0.9106037055263047, 0.9123405566894753, 0.9152982641314266, 0.9179668460088349, 0.9181636016136773, 0.9173653054114386, 0.9163372918434887, 0.9201529064161573, 0.9158386483435204, 0.9189494328225377, 0.9187641674139412, 0.917466392236818, 0.913983036299151, 0.9135126728260268, 0.9152680969211439, 0.9151169062906325, 0.9138297039848953, 0.9094763697074919, 0.917635735808051, 0.9138613337806843, 0.916141917649395, 0.9103110729555274, 0.9151725399173387, 0.9107829066196785, 0.9151874955006708, 0.9147573323317575], 
    "max_features":         [0.9156655385300319, 0.9137286217688578, 0.912980107704502, 0.9164395787866036, 0.9202614531095152, 0.9160640601812586, 0.9146846601250133, 0.9138402242753996, 0.9145536462091053, 0.914404296441474, 0.9163252722350853, 0.9126138417285915, 0.9142669742946967, 0.9157100521242043, 0.9171963669637437, 0.912088383539819, 0.9171360171348859, 0.9161852164642224, 0.9117660119451514, 0.9116477188809826, 0.91451177285797, 0.9155266901534317, 0.914646553762223, 0.9166067252005223, 0.9144418923548031, 0.9186086138920156, 0.9173439568174325, 0.9145283213666181, 0.9122344044589041, 0.9165284245237073, 0.9105820789897218, 0.914381874514308, 0.9164556741287087, 0.9136752827339057, 0.9152214018125095, 0.917157377731433, 0.9171203965628386, 0.9123501693094982, 0.9163974634914818, 0.9156813375067545]}