{"bootstrap": [0.9425643361421088, 0.9430653609656116, 0.9439307674789342, 0.9447506262810293, 0.9473012981097699], "max_features": [0.9421088590298338, 0.9421088590298338, 0.9432475518105214, 0.9427920746982463, 0.9438396720564792], "min_samples_leaf": [0.9422455021635162, 0.9421088590298338, 0.9435208380778866, 0.9437030289227966, 0.9432475518105216], "min_samples_split": [0.9478023229332727, 0.9447961739922569, 0.9483944431792303, 0.9444317923024368, 0.9433841949442041], "criterion": [0.9423821452971989, 0.9427009792757912, 0.9427465269870188, 0.9423821452971989, 0.9440674106126167]}