{"min_samples_leaf": [0.9910376942090395, 0.9915216719632769, 0.991239406779661, 0.9912976694915254, 0.9913181938559322, 0.9908470162429378, 0.9915585275423728, 0.991228813559322, 0.9915947210451977, 0.9912989936440677, 0.9910557909604519, 0.9908434851694915, 0.9914905543785311, 0.9917266949152542, 0.9909767831920905, 0.9917218396892655, 0.9917319915254237, 0.9910407838983051, 0.991481064618644, 0.9915090925141243, 0.9918573446327683, 0.9914137535310735, 0.9914269950564971, 0.9913903601694916, 0.9909917902542373, 0.9913934498587571, 0.9913497528248587, 0.9917002118644068, 0.9915858933615819, 0.9913131179378531, 0.9912433792372881, 0.9911665783898306, 0.9914596574858756, 0.9912182203389831, 0.991218220338983, 0.990117849576271, 0.9917946680790961, 0.9915483757062147, 0.9913250353107345, 0.9910977224576271], "bootstrap": [0.9927507062146893, 0.9924532132768362, 0.9934851694915254, 0.9933545197740113, 0.9924284957627119, 0.991638418079096, 0.9933042019774011, 0.9920798022598869, 0.9922899011299434, 0.991822033898305, 0.991146716101695, 0.9923040254237288, 0.9915090925141243, 0.9925141242937853, 0.9927718926553672, 0.9922969632768361, 0.9931391242937853, 0.9920131532485876, 0.9936167019774012, 0.9926924435028249, 0.9924284957627119, 0.9918520480225989, 0.9919253177966103, 0.9924836687853108, 0.9927233403954803, 0.9926624293785311, 0.9929060734463278, 0.9917717161016949, 0.9905062676553673, 0.9924827860169491, 0.9919350282485875, 0.9921945621468926, 0.9920833333333333, 0.9926703742937852, 0.9921972104519774, 0.9927807203389831, 0.9934816384180791, 0.9929864053672317, 0.991351518361582, 0.9917266949152542], "min_samples_split": [0.9928641419491525, 0.9931024894067797, 0.9926465395480225, 0.9916918255649718, 0.9921190854519775, 0.9926769950564971, 0.991799081920904, 0.9925216278248586, 0.991847634180791, 0.9924935999293785, 0.9924642478813559, 0.9933580508474577, 0.993091013418079, 0.9915704449152543, 0.9916220868644068, 0.9926160840395479, 0.9929590395480227, 0.9925759180790961, 0.9921914724576271, 0.9926416843220339, 0.991694253177966, 0.9919809322033899, 0.9918723516949153, 0.9912301377118645, 0.9932384357344634, 0.9929597016242938, 0.9929131355932204, 0.9927189265536724, 0.991963718220339, 0.9919533456920904, 0.9922837217514124, 0.9926425670903954, 0.9929570533192091, 0.992774540960452, 0.9928769420903955, 0.9926001942090396, 0.9924165783898306, 0.9919323799435029, 0.9922515007062147, 0.9913802083333334], "criterion": [0.9924805790960451, 0.9914384710451978, 0.992305790960452, 0.9924849929378531, 0.9917690677966102, 0.9918493997175142, 0.9917981991525424, 0.9914309675141244, 0.9929837570621469, 0.9914225812146893, 0.993373940677966, 0.9922457627118644, 0.9918458686440678, 0.9919575388418078, 0.9931920903954803, 0.9919950564971752, 0.9926792019774011, 0.9928866525423728, 0.9925247175141243, 0.9919226694915254, 0.9926906779661018, 0.9925900423728813, 0.9920418432203391, 0.9913444562146894, 0.9925617937853108, 0.9925644420903955, 0.9936202330508475, 0.9923790607344632, 0.9927242231638418, 0.9930358403954802, 0.9931453036723163, 0.9915051200564972, 0.9930623234463276, 0.9929616878531073, 0.9917196327683616, 0.9938528425141242, 0.9927189265536724, 0.9932229872881355, 0.9917169844632769, 0.991454802259887], "max_features": [0.9930345162429379, 0.9929281426553672, 0.9925238347457627, 0.9928901836158193, 0.9923614053672316, 0.9933637888418079, 0.9929153425141243, 0.9922612111581921, 0.9922735699152543, 0.9929422669491524, 0.9927860169491525, 0.99342072740113, 0.9926487464689265, 0.9924951447740114, 0.9928937146892656, 0.9917823093220339, 0.9924558615819209, 0.9927436440677966, 0.9919822563559321, 0.9920813471045197, 0.9918489583333333, 0.9924695444915255, 0.9926441119350283, 0.9927432026836157, 0.992682512358757, 0.991885593220339, 0.9915037959039548, 0.9927202507062147, 0.9926284427966102, 0.9925459039548021, 0.9933412782485875, 0.992550759180791, 0.9918736758474576, 0.9925348693502825, 0.9928769420903956, 0.9930662959039549, 0.9929678672316383, 0.9930358403954802, 0.992151747881356, 0.9929347634180792]}