{"donut1.csv": -0.9878787878787878, "diabetes.csv": -0.7345590738849167, "qsar-biodeg.csv": -0.8637647663071393, "curves2.csv": -1.0, "spambase.csv": -0.9521503230021049, "disk_4000n.csv": -0.9919507575757576, "dense-disk-5000.csv": -0.9894534682557118, "eeg-eye-state.csv": -0.9350440524081018, "haberman_RL.csv": -0.5535535535535535, "disk_4600n.csv": -0.9893995145256993, "Amazon_employee_access.csv": -0.6643992305675661, "Spectf_RL.csv": -0.8571428571428572, "phoneme.csv": -0.8964437174360839, "disk_1000n.csv": -0.9834054834054834, "parkinsons_RL.csv": -0.9272959183673469, "breast-w.csv": -0.9766640833548609, "electricity.csv": -0.921787442054432, "chainlink.csv": -0.996969696969697, "disk_4500n.csv": -0.9913486147856899, "dense-disk-3000.csv": -0.985260834122359, "engytime.csv": -0.9659763313609467, "disk_5000n.csv": -0.9848484848484848, "jain.csv": -1.0, "banana.csv": -0.9022675002643543, "atom.csv": -0.9962121212121212, "Transfusion_RL.csv": -0.6300937612693833, "donut2.csv": -0.9939393939393939, "circle.csv": -0.9881145128054165, "flame.csv": -0.9821428571428572}