{"donut1.csv": -0.996969696969697, "diabetes.csv": -0.727170582226762, "qsar-biodeg.csv": -0.8699831242204122, "curves2.csv": -1.0, "spambase.csv": -0.9546935109240038, "disk_4000n.csv": -0.9962121212121212, "dense-disk-5000.csv": -0.9908693980667838, "eeg-eye-state.csv": -0.9321435806690342, "haberman_RL.csv": -0.5535535535535535, "disk_4600n.csv": -0.9926889882099098, "Amazon_employee_access.csv": -0.6565862111787217, "Spectf_RL.csv": -0.8802083333333333, "phoneme.csv": -0.8702926208651399, "disk_1000n.csv": -0.9841269841269842, "parkinsons_RL.csv": -0.9375, "breast-w.csv": -0.9766640833548609, "electricity.csv": -0.8919354378087211, "chainlink.csv": -0.996969696969697, "disk_4500n.csv": -0.9935907672520576, "dense-disk-3000.csv": -0.9812481962116647, "engytime.csv": -0.9696745562130178, "disk_5000n.csv": -0.9939393939393939, "jain.csv": -1.0, "banana.csv": -0.9012708840012689, "atom.csv": -1.0, "Transfusion_RL.csv": -0.6158041831950956, "donut2.csv": -0.9909090909090909, "circle.csv": -0.9788784221371797, "flame.csv": -0.9821428571428572}