{"donut1.csv": -1.0, "diabetes.csv": -0.6878447395301328, "qsar-biodeg.csv": -0.8355345219752, "curves2.csv": -1.0, "spambase.csv": -0.9040302678377006, "disk_4000n.csv": -1.0, "dense-disk-5000.csv": -0.9915044211335677, "eeg-eye-state.csv": -0.8785084611218376, "haberman_RL.csv": -0.5282782782782782, "disk_4600n.csv": -1.0, "Amazon_employee_access.csv": -0.5165191523950372, "Spectf_RL.csv": -0.8444940476190477, "phoneme.csv": -0.8315279292378528, "disk_1000n.csv": -1.0, "parkinsons_RL.csv": -0.833545918367347, "breast-w.csv": -0.9542753810384913, "electricity.csv": -0.8257727021591396, "chainlink.csv": -1.0, "disk_4500n.csv": -1.0, "dense-disk-3000.csv": -0.9913772588493223, "engytime.csv": -0.9741124260355031, "disk_5000n.csv": -1.0, "jain.csv": -1.0, "banana.csv": -0.7791814264565929, "atom.csv": -1.0, "Transfusion_RL.csv": -0.6630003606202669, "donut2.csv": -1.0, "circle.csv": -0.997093023255814, "flame.csv": -0.9821428571428572}