{"donut1.csv": -0.9848484848484849, "diabetes.csv": -0.7046986721144024, "qsar-biodeg.csv": -0.8615085479492259, "curves2.csv": -0.9878787878787878, "spambase.csv": -0.9425029033897074, "disk_4000n.csv": -0.9952651515151515, "dense-disk-5000.csv": -0.9908693980667838, "eeg-eye-state.csv": -0.9428821148463438, "haberman_RL.csv": -0.6023523523523523, "disk_4600n.csv": -0.9890334823148647, "Amazon_employee_access.csv": -0.6213394258232764, "Spectf_RL.csv": -0.8586309523809523, "phoneme.csv": -0.8956500666424331, "disk_1000n.csv": -0.9812409812409811, "parkinsons_RL.csv": -0.8552295918367347, "breast-w.csv": -0.9610781021269267, "electricity.csv": -0.9167012939605534, "chainlink.csv": -0.990909090909091, "disk_4500n.csv": -0.9929509229726755, "dense-disk-3000.csv": -0.9845595718502691, "engytime.csv": -0.9578402366863906, "disk_5000n.csv": -0.9984848484848485, "jain.csv": -0.984375, "banana.csv": -0.8980028021571324, "atom.csv": -0.9810606060606061, "Transfusion_RL.csv": -0.5824017309772809, "donut2.csv": -0.990909090909091, "circle.csv": -0.9698999116867825, "flame.csv": -0.9285714285714286}