{"donut1.csv": -0.996969696969697, "diabetes.csv": -0.7323459312223357, "qsar-biodeg.csv": -0.8040758676351897, "curves2.csv": -1.0, "spambase.csv": -0.9265079480293242, "disk_4000n.csv": -0.9853219696969696, "dense-disk-5000.csv": -0.9777844903339192, "eeg-eye-state.csv": -0.8328534632097276, "haberman_RL.csv": -0.572072072072072, "disk_4600n.csv": -0.9853683439932188, "Amazon_employee_access.csv": -0.691659893052153, "Spectf_RL.csv": -0.8504464285714286, "phoneme.csv": -0.8216466739367504, "disk_1000n.csv": -0.979076479076479, "parkinsons_RL.csv": -0.9272959183673469, "breast-w.csv": -0.960604494962542, "electricity.csv": -0.8608825996520978, "chainlink.csv": -0.9939393939393939, "disk_4500n.csv": -0.9775730803592624, "dense-disk-3000.csv": -0.9698204059726279, "engytime.csv": -0.966715976331361, "disk_5000n.csv": -0.9799242424242425, "jain.csv": -1.0, "banana.csv": -0.8735295283916675, "atom.csv": -0.984848484848485, "Transfusion_RL.csv": -0.6497024882798413, "donut2.csv": -0.9848484848484849, "circle.csv": -0.9424492198999117, "flame.csv": -0.9642857142857143}