{"donut1.csv": -1.0, "diabetes.csv": -0.7289410963568267, "qsar-biodeg.csv": -0.855473622422775, "curves2.csv": -1.0, "spambase.csv": -0.949432931697757, "disk_4000n.csv": -1.0, "dense-disk-5000.csv": -0.98828125, "eeg-eye-state.csv": -0.9393060763795577, "haberman_RL.csv": -0.5165165165165165, "disk_4600n.csv": -0.993421052631579, "Amazon_employee_access.csv": -0.667817397150817, "Spectf_RL.csv": -0.8630952380952381, "phoneme.csv": -0.8475614927905005, "disk_1000n.csv": -0.9898989898989898, "parkinsons_RL.csv": -0.9272959183673469, "breast-w.csv": -0.9800654438990786, "electricity.csv": -0.8802730787298163, "chainlink.csv": -1.0, "disk_4500n.csv": -1.0, "dense-disk-3000.csv": -0.9801444043321299, "engytime.csv": -0.9733727810650888, "disk_5000n.csv": -1.0, "jain.csv": -1.0, "banana.csv": -0.9045389658454056, "atom.csv": -1.0, "Transfusion_RL.csv": -0.6254507753335738, "donut2.csv": -1.0, "circle.csv": -0.9783632617015013, "flame.csv": -0.9642857142857143}