{"donut1.csv": -1.0, "diabetes.csv": -0.6995233231188287, "qsar-biodeg.csv": -0.8360848191356665, "curves2.csv": -0.9939393939393939, "spambase.csv": -0.9406592509254553, "disk_4000n.csv": -0.9919507575757576, "dense-disk-5000.csv": -0.9923831557557118, "eeg-eye-state.csv": -0.9385333504223327, "haberman_RL.csv": -0.5753253253253253, "disk_4600n.csv": -0.9923229559990754, "Amazon_employee_access.csv": -0.6283181303318695, "Spectf_RL.csv": -0.8348214285714286, "phoneme.csv": -0.8373197625106021, "disk_1000n.csv": -0.9812409812409811, "parkinsons_RL.csv": -0.7927295918367346, "breast-w.csv": -0.9669336088865925, "electricity.csv": -0.9060886279316953, "chainlink.csv": -1.0, "disk_4500n.csv": -0.9940719992058593, "dense-disk-3000.csv": -0.9848583045149139, "engytime.csv": -0.9622781065088757, "disk_5000n.csv": -0.9856060606060606, "jain.csv": -0.984375, "banana.csv": -0.8797068309188961, "atom.csv": -0.9810606060606061, "Transfusion_RL.csv": -0.5855571583122972, "donut2.csv": -0.996969696969697, "circle.csv": -0.9672505151604357, "flame.csv": -0.9285714285714286}