{"donut1.csv": -0.996969696969697, "diabetes.csv": -0.7232550221314266, "qsar-biodeg.csv": -0.816512583461736, "curves2.csv": -1.0, "spambase.csv": -0.9130951948900341, "disk_4000n.csv": -0.9862689393939393, "dense-disk-5000.csv": -0.9775407787785588, "eeg-eye-state.csv": -0.8191856816236754, "haberman_RL.csv": -0.5638138138138139, "disk_4600n.csv": -0.9744114587346844, "Amazon_employee_access.csv": -0.6741014925785018, "Spectf_RL.csv": -0.7492559523809523, "phoneme.csv": -0.8020144189991518, "disk_1000n.csv": -0.9718614718614719, "parkinsons_RL.csv": -0.8973214285714286, "breast-w.csv": -0.9698613622664255, "electricity.csv": -0.8610091544935665, "chainlink.csv": -0.9909090909090909, "disk_4500n.csv": -0.9732473877521072, "dense-disk-3000.csv": -0.9680153518210034, "engytime.csv": -0.9674556213017752, "disk_5000n.csv": -0.9757575757575758, "jain.csv": -1.0, "banana.csv": -0.8766786507349054, "atom.csv": -0.9924242424242424, "Transfusion_RL.csv": -0.6279300396682294, "donut2.csv": -0.9878787878787878, "circle.csv": -0.9456137768619369, "flame.csv": -0.8392857142857143}