{"donut1.csv": -1.0, "diabetes.csv": -0.6346271705822268, "qsar-biodeg.csv": -0.6432973805855161, "curves2.csv": -1.0, "spambase.csv": -0.7576495245699354, "disk_4000n.csv": -1.0, "dense-disk-5000.csv": -0.9932618903778558, "eeg-eye-state.csv": -0.8970981225529312, "haberman_RL.csv": -0.6006006006006006, "disk_4600n.csv": -1.0, "Amazon_employee_access.csv": -0.5962511806786409, "Spectf_RL.csv": -0.796875, "phoneme.csv": -0.8482703259420818, "disk_1000n.csv": -1.0, "parkinsons_RL.csv": -0.6383928571428572, "breast-w.csv": -0.9557823129251701, "electricity.csv": -0.8110267564724574, "chainlink.csv": -1.0, "disk_4500n.csv": -1.0, "dense-disk-3000.csv": -0.9841570422428241, "engytime.csv": -0.9726331360946746, "disk_5000n.csv": -1.0, "jain.csv": -1.0, "banana.csv": -0.9025860473723168, "atom.csv": -1.0, "Transfusion_RL.csv": -0.5744230075730256, "donut2.csv": -1.0, "circle.csv": -0.9767441860465117, "flame.csv": -0.9901960784313726}