{"donut1.csv": -0.9878787878787878, "diabetes.csv": -0.7306435137895813, "qsar-biodeg.csv": -0.8532174040648617, "curves2.csv": -1.0, "spambase.csv": -0.9505198882194962, "disk_4000n.csv": -0.9933712121212122, "dense-disk-5000.csv": -0.9839854047671353, "eeg-eye-state.csv": -0.9177130784591787, "haberman_RL.csv": -0.5485485485485485, "disk_4600n.csv": -0.9857391924173539, "Amazon_employee_access.csv": -0.655291854979422, "Spectf_RL.csv": -0.8571428571428572, "phoneme.csv": -0.8864291772688719, "disk_1000n.csv": -0.979076479076479, "parkinsons_RL.csv": -0.90625, "breast-w.csv": -0.9766640833548609, "electricity.csv": -0.8976994955014724, "chainlink.csv": -0.9939393939393939, "disk_4500n.csv": -0.9929509229726755, "dense-disk-3000.csv": -0.9737292469405218, "engytime.csv": -0.9696745562130178, "disk_5000n.csv": -0.9787878787878789, "jain.csv": -1.0, "banana.csv": -0.900633128899228, "atom.csv": -0.9924242424242424, "Transfusion_RL.csv": -0.6189596105301118, "donut2.csv": -0.9909090909090909, "circle.csv": -0.9688695908154252, "flame.csv": -0.9107142857142857}