{"donut1.csv": -1.0, "diabetes.csv": -0.7198501872659175, "qsar-biodeg.csv": -0.8718724778046811, "curves2.csv": -1.0, "spambase.csv": -0.9506369311170791, "disk_4000n.csv": -0.9971590909090907, "dense-disk-5000.csv": -0.9903322028778558, "eeg-eye-state.csv": -0.9265361287628529, "haberman_RL.csv": -0.5332832832832832, "disk_4600n.csv": -0.9930550204207446, "Amazon_employee_access.csv": -0.648362227816726, "Spectf_RL.csv": -0.8608630952380952, "phoneme.csv": -0.879995153277596, "disk_1000n.csv": -0.9841269841269842, "parkinsons_RL.csv": -0.9375, "breast-w.csv": -0.9737363299750279, "electricity.csv": -0.9228152584900486, "chainlink.csv": -0.996969696969697, "disk_4500n.csv": -0.9940719992058593, "dense-disk-3000.csv": -0.9812481962116647, "engytime.csv": -0.9689349112426036, "disk_5000n.csv": -0.9954545454545455, "jain.csv": -1.0, "banana.csv": -0.8981224225441472, "atom.csv": -1.0, "Transfusion_RL.csv": -0.6010187522538766, "donut2.csv": -0.9909090909090909, "circle.csv": -0.9846923756255519, "flame.csv": -0.9821428571428572}