{"donut1.csv": -1.0, "diabetes.csv": -0.6827374872318692, "qsar-biodeg.csv": -0.8469990461515886, "curves2.csv": -1.0, "spambase.csv": -0.9438811061914784, "disk_4000n.csv": -0.9886363636363636, "dense-disk-5000.csv": -0.9677734375, "eeg-eye-state.csv": -0.9032150195765513, "haberman_RL.csv": -0.5, "disk_4600n.csv": -0.9802631578947368, "Amazon_employee_access.csv": -0.5639247325990233, "Spectf_RL.csv": -0.7596726190476191, "phoneme.csv": -0.86886586695747, "disk_1000n.csv": -0.9141414141414141, "parkinsons_RL.csv": -0.8125, "breast-w.csv": -0.9766640833548609, "electricity.csv": -0.8401467270937202, "chainlink.csv": -1.0, "disk_4500n.csv": -0.9916712344139114, "dense-disk-3000.csv": -0.9602888086642599, "engytime.csv": -0.9741124260355031, "disk_5000n.csv": -0.9799242424242424, "jain.csv": -0.984375, "banana.csv": -0.8649565136935603, "atom.csv": -1.0, "Transfusion_RL.csv": -0.5947078975838442, "donut2.csv": -0.9848484848484849, "circle.csv": -0.9669929349425964, "flame.csv": -0.8571428571428572}